environment_steps,update,learning_rate,mean_recent_return,policy_loss,value_loss,entropy,jis,alpha_is,ratio_mean,ratio_std,dimension_clipped_fraction,actor_grad_norm,critic_grad_norm
2048,1,0.0003,9.469989857092555,-0.014381519310700242,0.43074784777127206,4.251200987398624,0.007284424134695669,2.0,0.9996804108843207,0.06957003593219648,0.011848958444898017,0.686958987172693,0.04513516127335606
4096,2,0.00029385599999999995,20.043764900129567,-0.012361219651938881,0.46420644694007934,4.244172984361649,0.005084753177486365,4.0,1.0007932063192129,0.05811948521371135,0.005761718862049747,0.7676977150142192,0.044749557362229096
6144,3,0.00028771199999999997,12.378943314349197,-0.008870291513449046,0.23791002151556312,4.239285778999329,0.002374231897126596,8.0,1.0006123129278421,0.03915504548810482,0.0017089844230213202,0.7420175208710134,0.063712294830475
8192,4,0.00028156799999999994,16.770290576037432,-0.0028176866413559764,0.29335039416328074,4.232738982141018,0.0007694343578521142,8.0,0.9997327925637365,0.022193801419847392,0.0,0.7850999695248901,0.10052058849250897
10240,5,0.00027542399999999997,16.106615260268082,-0.00350084361853078,0.1892065925290808,4.226975588500499,0.0008775334960120392,8.0,1.000058813393116,0.02317665355498826,4.882812645519152e-05,0.7737998538650572,0.09733636587043293
12288,6,0.00026927999999999994,12.06892237553858,-0.003465819693519734,0.18230240440461784,4.228754535317421,0.0008323135762964437,8.0,0.9995589038357139,0.023060310955757134,1.627604215173051e-05,0.7769126533530653,0.13281709763687105
14336,7,0.00026313599999999997,22.1978875562936,-0.004572845049551688,0.2359474055003375,4.224364638328552,0.0009439224258741901,8.0,1.000375958904624,0.02403230135156458,0.00013020833721384407,0.8062879645265639,0.1669789078645408
16384,8,0.000256992,46.942797254293566,-0.004494245896057692,0.2225506506394595,4.217340369522572,0.0008902148494997111,8.0,0.9996717298403383,0.02348369360858673,3.255208430346102e-05,0.7742514236830175,0.18203413161681964
18432,9,0.00025084799999999997,37.77392816355453,-0.00469445442140568,0.21005321419797837,4.210735161602497,0.000913296237260449,8.0,0.9998492335900664,0.023811137080057554,4.882812645519152e-05,0.8062715459614992,0.19143496400211008
20480,10,0.000244704,45.65900060991747,-0.005038901348598301,0.22129251076839865,4.204390533268452,0.0009654826490561041,8.0,0.9996543375775218,0.02478173711065219,6.510416860692204e-05,0.7711385747417807,0.214066741312854
22528,11,0.00023856,82.89653142388383,-0.004604868437309051,0.2468300090637058,4.198217166960239,0.0009039770554722011,8.0,1.0001616002991796,0.024268784113178565,8.138021075865254e-05,0.8371946555562317,0.23880852521397172
24576,12,0.00023241599999999996,54.80498057522848,-0.003297360178839881,0.2499663306865841,4.191543661057949,0.0007879442838458553,8.0,1.0001505300402642,0.022438634721626393,3.255208430346102e-05,0.8949429569765925,0.25529484620783477
26624,13,0.000226272,100.96323710697796,-0.0033079075277782977,0.22971908203326166,4.185999077558518,0.0008023173159202391,8.0,1.000177695415914,0.023090595518982536,1.627604215173051e-05,0.9272539848461747,0.2527101118583232
28672,14,0.00022012799999999996,99.1571656203286,-0.004207986408437137,0.24319882574491203,4.180363035202026,0.0008434569768653114,8.0,0.9999051440507174,0.022883346947463013,1.627604215173051e-05,0.8672777838073671,0.2600239633116871
30720,15,0.000213984,64.13976207232017,-0.0031181183992885055,0.17829781603068112,4.17575985789299,0.0006607274899125288,4.0,1.0002043331041932,0.020840053972990203,1.627604215173051e-05,0.9337746089324355,0.23363343826495112
32768,16,0.00020784000000000002,104.33235777290312,-0.006939639714255463,0.1967384646181017,4.173972037434578,0.002134083244149595,8.0,1.0002245120704174,0.03716987679867669,0.0010742187820142134,0.8905179744586349,0.26049985012505206
34816,17,0.000201696,134.2300028821105,-0.0035322735900990667,0.1707294371444732,4.175495439767838,0.0007822556231730333,8.0,0.9998206809163094,0.022125244284725776,9.765625291038304e-05,0.9866178926080466,0.2405314469942823
36864,18,0.000195552,122.56389399289534,-0.003512607172160642,0.19690544854383915,4.178298892080784,0.000741129431318732,8.0,0.9996809804812073,0.02167810816911364,0.00013020833721384407,0.9322689022868872,0.2603243590798229
38912,19,0.00018940799999999996,125.88298600235984,-0.0037850840570172297,0.16702427598647773,4.176691633462906,0.0008395350537739796,8.0,1.0001202188432217,0.02314390274924578,0.00011393229506211356,0.9585402574390173,0.23907865658402444
40960,20,0.00018326399999999999,89.3239855982982,-0.0033031732462404763,0.17514897417277098,4.178538313508033,0.0006828119352448891,8.0,0.9997463300824165,0.020862851549135475,4.882812645519152e-05,0.905683000292629,0.24988576313480734
43008,21,0.00017711999999999998,101.72472367609376,-0.0036323408043244854,0.16039939664769917,4.178280620276928,0.0006844591370793573,8.0,0.9996637618169188,0.02046814839412776,0.00011393229506211356,0.9020783810876309,0.2347732245689258
45056,22,0.00017097599999999998,147.5148929667268,-0.003160438070335658,0.12523765505757184,4.177216176688671,0.0006454856186543994,4.0,0.9996670000255108,0.020079148057214648,9.765625291038304e-05,0.9232374899089336,0.21052384746726602
47104,23,0.00016483199999999996,160.2181133141361,-0.005862159181560855,0.08747018577996642,4.169660417735576,0.0016501039516669507,8.0,1.0002728333696722,0.03243654887461807,0.0004882812645519152,0.9667162680067122,0.1807006204733625
49152,24,0.00015868799999999998,158.6283493746702,-0.003134575588774169,0.09774780167499557,4.168418471515179,0.0006339468807525366,4.0,1.0000670874491333,0.01998971379730412,0.00014648437936557457,0.9213214139454067,0.1847052794881165
51200,25,0.000152544,189.88612538994897,-0.00510140866463189,0.07083027948974632,4.169060711562634,0.001362973918112731,4.0,1.0001036394387484,0.028921468075672595,0.0007812500232830643,0.9120845155790448,0.15961142731830477
53248,26,0.00014639999999999998,188.91506117868465,-0.005264461513797869,0.06767441557021811,4.164527142047882,0.001411707318004603,4.0,1.0002737801522017,0.02980772321731844,0.0007324218968278728,0.9432077111676336,0.14372947253286839
55296,27,0.000140256,184.61784982001308,-0.002441622850165004,0.06323471931973472,4.167323848605156,0.0008947651685645363,4.0,1.000247659161687,0.02377289406737417,0.0002441406322759576,0.872933938447386,0.1483080858248286
57344,28,0.00013411199999999998,205.7965517535396,-0.007104152227475425,0.036249358048371504,4.164513406157494,0.0012523663802611203,4.0,1.0002969622612,0.027966024225869468,0.0007649739811313339,0.8848052401095629,0.10975940220523625
59392,29,0.000127968,214.25876867912243,-0.006620543064491358,0.02248822626861511,4.1621306732296945,0.001020417245612782,4.0,0.9999261986464262,0.02516168887607746,0.0004720052224001847,0.957585992012173,0.07607621796778404
61440,30,0.00012182399999999999,191.57206563025176,-0.0029588994882942645,0.03944031525461469,4.15982940196991,0.0007133762303177193,4.0,0.9999155573546886,0.02083201887705135,9.765625291038304e-05,0.8784070260822773,0.10288055904093199
63488,31,0.00011568,197.86945520988507,-0.0044650169467786325,0.027470995658950413,4.166237342357635,0.0008237929394283923,4.0,1.0000608326867222,0.022785133630519993,0.0005371093910071067,0.843734863307327,0.08141001755720936
65536,32,0.00010953599999999999,191.73234547358715,-0.002267667034175247,0.03526172070123721,4.170377369225025,0.0005712109301086747,2.0,0.9998632280156017,0.019303000856162544,0.0,0.9466580577194691,0.09604146586498245
67584,33,0.00010339199999999998,211.639320358119,-0.006232579263451043,0.016441266833862756,4.169097808003426,0.00197318646377592,4.0,0.999701408110559,0.035722618313973185,0.001106770864862483,0.8553162558935583,0.06545806332142093
69632,34,0.0001,220.74226771715104,-0.003367732670449186,0.003749859637900954,4.16161518394947,0.0008522225656293285,4.0,0.9999162770807744,0.02291803653465325,9.765625291038304e-05,0.9354381894692778,0.03721173821541015
71680,35,0.0001,221.1694393672541,-0.0035830672095471527,0.005694206728367135,4.152973558008671,0.0008367350843230358,4.0,0.9997486729174853,0.02331248002136157,0.00014648437936557457,0.9656151400879025,0.04720874101330992
73728,36,0.0001,199.28962753473712,-0.002287721658649389,0.01752426360035315,4.149675239622593,0.0005415821324618751,2.0,0.9999672522768378,0.018305905311285973,8.138021075865254e-05,0.9748835127800703,0.07216142920660787
75776,37,0.0001,220.88243470106931,-0.002998177673362079,0.017068435351393418,4.145262502133846,0.0010199012765583443,2.0,1.0002150794491171,0.02510134837614162,3.255208430346102e-05,0.9102909515611828,0.06470696520409547
77824,38,0.0001,221.32706757247962,-0.00467562375270063,0.0029216979655757314,4.135839986801147,0.001873319868953212,4.0,1.0001560980454087,0.03429733461446209,0.0005533854331588372,1.0003105722367764,0.032118050492135806
79872,39,0.0001,220.09092232155544,-0.0034735761022602674,0.0025297595700976673,4.127223488688469,0.0009855809388171033,4.0,1.000231153331697,0.024790327979454286,8.138021075865254e-05,1.0266711926087737,0.029480210377369077
81920,40,0.0001,223.317279037872,-0.002185857245058287,0.0017651707461482148,4.124033845961094,0.0008008274871770579,4.0,0.9994865048676729,0.02223094890077182,3.255208430346102e-05,1.0277870807796716,0.024072172885644248
83968,41,0.0001,227.86446922835594,-0.006510549289669143,0.00582009370191372,4.123583625257015,0.0007652280099194343,4.0,0.9997281096875668,0.02175865150695444,0.0005371093910071067,0.9088586171157658,0.039057483576470986
86016,42,0.0001,227.29275495438964,-0.0035090311226667835,0.0017533014521177392,4.123301370441913,0.0010109288983330034,4.0,1.0000778859481216,0.02498302059693529,0.00014648437936557457,1.1338401328772307,0.02713358330365736
88064,43,0.0001,229.8282669260394,-0.0020556962328555526,0.014951942173865973,4.124926993250847,0.00025249652460108626,2.0,1.0000387905165553,0.012441313532857512,3.255208430346102e-05,0.7759696392342448,0.05519274837570265
90112,44,0.0001,228.20433097155768,-0.004583082397584803,0.0013576972398368526,4.122204355895519,0.002011527567386056,4.0,1.0002997562289238,0.03460249661734434,0.0012207031599245966,1.0791435981169344,0.02214476379158441
92160,45,0.0001,227.69047193700075,-0.004459428149129962,0.001093584550289961,4.124137751758099,0.0011561149169950224,4.0,0.9999001365154981,0.02711877569474861,0.00035807292733807116,1.0657496149651706,0.019230654131388292
94208,46,0.0001,242.29593504695208,-0.004872643941052956,0.0018954321090859593,4.125463771820068,0.0012872998668598651,4.0,1.0002224646508693,0.02789613046816557,0.0006510416846140288,1.1034596289508045,0.02650521879986627
96256,47,0.0001,234.61371154856843,-0.0053749168740068855,0.00204015636099939,4.116946224868298,0.0013500414524458858,4.0,0.9997253259643912,0.028908688891995205,0.0004720052224001847,1.200124592334032,0.03001463371620048
98304,48,0.0001,244.6406558836698,-0.007381112998700701,0.0034870034654886695,4.10856685936451,0.0013361157886365525,4.0,1.0005463035777211,0.029463746779938127,0.001497395876504015,1.1331367272883655,0.04078225045814179
100352,49,0.0001,242.62869908869183,-0.004478001809911802,0.002526639923962648,4.107112833857537,0.0012842679842621813,4.0,1.0003369038924574,0.029017063172690084,0.0008300781497382559,1.1418494963087142,0.031627504929201675
